<?xml version="1.0" encoding="UTF-8" standalone="yes"?>
<addon id="repository.openwizard" name="[COLOR limegreen][B]Open[/B][/COLOR]Wizard Repository" version="1.1" provider-name="drinfernoo">
    <extension point="xbmc.addon.repository" name="[COLOR limegreen][B]Open[/B][/COLOR]Wizard Repository">
        <dir>
            <info compressed="false">https://raw.githubusercontent.com/lexguy2007/repository.openwizard/master/zips/addons.xml</info>
            <checksum>https://raw.githubusercontent.com/lexguy2007/repository.openwizard/master/zips/addons.xml.md5</checksum>
            <datadir zip="true">https://raw.githubusercontent.com/lexguy2007/repository.openwizard/master/zips/</datadir>
        </dir>
    </extension>
    
    <extension point="xbmc.addon.metadata">
        <summary>[COLOR limegreen][B]Open[/B][/COLOR]Wizard</summary>
        <description>The official home of [COLOR limegreen][B]Open[/B][/COLOR]Wizard.</description>
        <disclaimer></disclaimer>
        <platform>all</platform>
        <assets>
            <icon>icon.png</icon>
            <fanart>fanart.jpg</fanart>
        </assets>
        <source>https://github.com/lexguy2007/repository.openwizard/</source>
    </extension>
</addon>